timestamp,L_hip_joint,L_hip2_joint,L_thigh_joint,L_calf_joint,L_toe_joint
0.0,5.232095645624213e-07,2.5518897018628195e-05,2.119113595711042e-08,-1.1670636013150215e-07,-3.504635742501705e-06
0.005,-0.00043106143129989505,-0.002570629119873047,-0.03315267711877823,-4.594628990162164e-05,0.0461600199341774
0.01,-0.0011431170860305429,-0.0058055962435901165,-0.07403762638568878,-0.00023810347192920744,0.2961798906326294
0.015,-0.001196635072119534,-0.006757735274732113,-0.076184943318367,0.0004508538986556232,0.5462870597839355
0.02,-0.002682644873857498,-0.005451404023915529,-0.1814676970243454,0.25299951434135437,0.29727861285209656
0.025,-0.0003646437544375658,-0.005945000797510147,-0.32315191626548767,0.5085646510124207,0.049783363938331604
0.03,-0.00276660337112844,-0.006479708943516016,-0.49681276082992554,0.7632664442062378,-0.2003246545791626
0.035,-0.003163828980177641,-0.005055982153862715,-0.7015146613121033,1.0167310237884521,-0.4503677189350128
0.04,-0.0021117376163601875,-0.0022037881426513195,-0.9431846737861633,1.2670910358428955,-0.4226739704608917
0.045,0.0023380916099995375,-0.0055800313130021095,-1.1922107934951782,1.5164117813110352,-0.28634321689605713
0.05,-0.0039998204447329044,-0.0035096686333417892,-1.383347749710083,1.587140679359436,-0.22574150562286377
0.055,-0.0051810480654239655,0.0012404954759404063,-1.4726976156234741,1.499579668045044,-0.222406804561615
0.06,-0.0006840734858997166,0.00036524306051433086,-1.5233720541000366,1.5106419324874878,-0.21834389865398407
0.065,0.0018101108726114035,-0.008536445908248425,-1.5345053672790527,1.5820873975753784,-0.22150342166423798
0.07,-0.0034748658072203398,-0.004110745619982481,-1.4739675521850586,1.5760483741760254,-0.22700926661491394
0.075,-0.006315958686172962,0.001664253999479115,-1.3751366138458252,1.5453267097473145,-0.22472286224365234
0.08,-0.0015645083039999008,-0.0002885980356950313,-1.2856709957122803,1.5536949634552002,-0.21998463571071625
0.085,0.004297574516385794,-0.009833262301981449,-1.2371594905853271,1.5918586254119873,-0.22977858781814575
0.09,-0.00330269243568182,-0.006543044000864029,-1.2372245788574219,1.61539888381958,-0.23989282548427582
0.095,-0.008684561587870121,0.0006966439541429281,-1.2791285514831543,1.6127070188522339,-0.24604186415672302
0.1,-0.0028508990071713924,0.0004841647169087082,-1.3388445377349854,1.5833377838134766,-0.23977820575237274
0.105,0.0042388588190078735,-0.010085565969347954,-1.392959713935852,1.562766432762146,-0.23520995676517487
0.11,-0.0022265841253101826,-0.005407998804003,-1.4238213300704956,1.5641881227493286,-0.23002742230892181
0.115,-0.006155419163405895,0.002412579720839858,-1.4237171411514282,1.581946849822998,-0.23174890875816345
0.12,-0.0015942798927426338,0.0009009428322315216,-1.3936337232589722,1.5901439189910889,-0.23220327496528625
0.125,0.0035413240548223257,-0.010209627449512482,-1.3539994955062866,1.5994147062301636,-0.23653513193130493
0.13,-0.003311758628115058,-0.006363933905959129,-1.3236794471740723,1.610021948814392,-0.23903033137321472
0.135,-0.008254209533333778,0.0009581788326613605,-1.3161147832870483,1.624569058418274,-0.24645276367664337
0.14,-0.0028071445412933826,0.00029370217816904187,-1.3295648097991943,1.6273690462112427,-0.24826663732528687
0.145,0.0043873256072402,-0.01066831685602665,-1.3570966720581055,1.624328851699829,-0.2513152062892914
0.15,-0.0025205141864717007,-0.006335838232189417,-1.385212779045105,1.6161354780197144,-0.24814428389072418
0.155,-0.007089022547006607,0.002287832787260413,-1.405517578125,1.6178839206695557,-0.24917937815189362
0.16,-0.0019178098300471902,0.0010710353963077068,-1.4107120037078857,1.6222668886184692,-0.24749337136745453
0.165,0.003741615219041705,-0.010566203854978085,-1.4029803276062012,1.6320431232452393,-0.25113555788993835
0.17,-0.0029202308505773544,-0.0062029920518398285,-1.3869136571884155,1.6380572319030762,-0.25164204835891724
0.17500000000000002,-0.0076374574564397335,0.0018431623466312885,-1.373370885848999,1.6479825973510742,-0.25703686475753784
0.18,-0.0024218247272074223,0.000704072997905314,-1.367509126663208,1.654032588005066,-0.2584342360496521
0.185,0.0042084394954144955,-0.01110452227294445,-1.372765064239502,1.66078519821167,-0.2638698220252991
0.19,-0.0028843486215919256,-0.006785420700907707,-1.3845996856689453,1.6606409549713135,-0.2635177671909332
0.195,-0.007805363275110722,0.002189330291002989,-1.3993598222732544,1.6627925634384155,-0.26693788170814514
0.2,-0.0023265283089131117,0.001123535679653287,-1.4105005264282227,1.6630622148513794,-0.2654470205307007
0.20500000000000002,0.0040216874331235886,-0.011166995391249657,-1.4163357019424438,1.6691282987594604,-0.26903003454208374
0.21,-0.002717438619583845,-0.006542337592691183,-1.4147517681121826,1.6730362176895142,-0.2684780955314636
0.215,-0.007517704740166664,0.0024540151935070753,-1.4098719358444214,1.681017518043518,-0.2732451558113098
0.22,-0.0022706857416778803,0.0011843054089695215,-1.4042023420333862,1.6858596801757812,-0.2736569941043854
0.225,0.004136143252253532,-0.011549062095582485,-1.4025542736053467,1.6935532093048096,-0.2791856527328491
0.23,-0.00296374736353755,-0.007075585424900055,-1.4045498371124268,1.6965521574020386,-0.2794000506401062
0.23500000000000001,-0.008072890341281891,0.002399008721113205,-1.4108433723449707,1.7016990184783936,-0.28433308005332947
0.24,-0.002516659442335367,0.0013048495166003704,-1.4179960489273071,1.7031313180923462,-0.2837105989456177
0.245,0.004177983850240707,-0.011783030815422535,-1.424978256225586,1.7082356214523315,-0.2882157564163208
0.25,-0.002713087946176529,-0.007033092435449362,-1.428490161895752,1.7106120586395264,-0.2874772548675537
0.255,-0.007718999870121479,0.0028201164677739143,-1.4296551942825317,1.7170929908752441,-0.2923203110694885
0.26,-0.0023124944418668747,0.00155001285020262,-1.4282697439193726,1.7208911180496216,-0.2921450138092041
0.265,0.004181837197393179,-0.01205885037779808,-1.4273815155029297,1.7280064821243286,-0.29768362641334534
0.27,-0.0029138438403606415,-0.007372026797384024,-1.4269119501113892,1.7313854694366455,-0.2977101802825928
0.275,-0.008150038309395313,0.002779053058475256,-1.4289158582687378,1.737522840499878,-0.30327108502388
0.28,-0.0025560506619513035,0.0015987132210284472,-1.4320518970489502,1.7401509284973145,-0.30302754044532776
0.28500000000000003,0.004272143356502056,-0.01237036008387804,-1.4366569519042969,1.7457199096679688,-0.30842316150665283
0.29,-0.0027664455119520426,-0.007500789128243923,-1.440136432647705,1.7479709386825562,-0.307874470949173
0.295,-0.007991151884198189,0.0031140130013227463,-1.4429781436920166,1.7537354230880737,-0.31321951746940613
0.3,-0.0024203164502978325,0.0018496948760002851,-1.4440041780471802,1.7568585872650146,-0.3128322660923004
0.305,0.00428291829302907,-0.012627705931663513,-1.4448411464691162,1.7633051872253418,-0.3186098635196686
0.31,-0.0028543146327137947,-0.00772814778611064,-1.4447760581970215,1.7664355039596558,-0.3184036612510681
0.315,-0.008222916163504124,0.0031834146939218044,-1.445663332939148,1.7725597620010376,-0.32434168457984924
0.32,-0.0025614099577069283,0.0019317750120535493,-1.4469033479690552,1.7755860090255737,-0.3241352140903473
0.325,0.004362515639513731,-0.012952513992786407,-1.449512243270874,1.7814375162124634,-0.33016088604927063
0.33,-0.0028023903723806143,-0.007931995205581188,-1.451735496520996,1.783921241760254,-0.32975733280181885
0.335,-0.008225208148360252,0.0034181014634668827,-1.4541882276535034,1.7894920110702515,-0.33569052815437317
0.34,-0.002515853615477681,0.002136682625859976,-1.4557082653045654,1.792367696762085,-0.3352850675582886
0.34500000000000003,0.004404859617352486,-0.013226231560111046,-1.4572728872299194,1.7983320951461792,-0.34147313237190247
0.35000000000000003,-0.0028172822203487158,-0.008124125190079212,-1.457791805267334,1.8011759519577026,-0.34113577008247375
0.355,-0.008338576182723045,0.0035614792723208666,-1.458602786064148,1.8070003986358643,-0.34744682908058167
0.36,-0.0025777798146009445,0.0022582269739359617,-1.4592446088790894,1.8100292682647705,-0.3471789062023163
0.365,0.004473807290196419,-0.013544393703341484,-1.46079683303833,1.815824031829834,-0.35368767380714417
0.37,-0.002809692407026887,-0.00834312941879034,-1.4620109796524048,1.818415641784668,-0.3533269464969635
0.375,-0.008413925766944885,0.0037423870526254177,-1.4636341333389282,1.8238660097122192,-0.35979074239730835
0.38,-0.0025815260596573353,0.002424518810585141,-1.464815616607666,1.8266754150390625,-0.35940632224082947
0.385,0.00454147532582283,-0.013835133984684944,-1.466289758682251,1.8323091268539429,-0.36606156826019287
0.39,-0.0027955668047070503,-0.008530369028449059,-1.4669283628463745,1.8349475860595703,-0.3656713366508484
0.395,-0.008484969846904278,0.00391157902777195,-1.467669129371643,1.8404285907745361,-0.37238919734954834
0.4,-0.0026058959774672985,0.0025617615319788456,-1.4680942296981812,1.8433339595794678,-0.3720598816871643
0.405,0.004612945951521397,-0.014145973138511181,-1.4690948724746704,1.8488869667053223,-0.37899819016456604
0.41000000000000003,-0.0027973270043730736,-0.008740936405956745,-1.4696824550628662,1.8514379262924194,-0.37862691283226013
0.41500000000000004,-0.00857847835868597,0.004071791656315327,-1.4705772399902344,1.8566819429397583,-0.3855544328689575
0.42,-0.0026246614288538694,0.002704138634726405,-1.4712399244308472,1.859430193901062,-0.3851770758628845
0.425,0.004698673263192177,-0.014444533735513687,-1.4722758531570435,1.8647695779800415,-0.39228591322898865
0.43,-0.0027754432521760464,-0.008926897309720516,-1.4726898670196533,1.867249608039856,-0.39187517762184143
0.435,-0.00864443276077509,0.004240294918417931,-1.4731534719467163,1.8723869323730469,-0.3990054726600647
0.44,-0.002637273631989956,0.0028380996081978083,-1.4733487367630005,1.8751373291015625,-0.3986361026763916
0.445,0.004782619886100292,-0.014749324880540371,-1.4739327430725098,1.8803642988204956,-0.40597859025001526
0.45,-0.0027712504379451275,-0.009123480878770351,-1.4740837812423706,1.8827861547470093,-0.4055812656879425
0.455,-0.008736290968954563,0.004391131456941366,-1.474387288093567,1.887736439704895,-0.41292136907577515
0.46,-0.002656077966094017,0.002963629085570574,-1.4745581150054932,1.8903758525848389,-0.4125347137451172
0.465,0.004884124733507633,-0.015046408399939537,-1.4750685691833496,1.895390510559082,-0.4200578033924103
0.47000000000000003,-0.0027464833110570908,-0.009303087368607521,-1.4751076698303223,1.8977092504501343,-0.4196336269378662
0.47500000000000003,-0.008807655423879623,0.004547834862023592,-1.475145697593689,1.9024865627288818,-0.42715269327163696
0.48,-0.002666668500751257,0.003083982737734914,-1.475022554397583,1.905068039894104,-0.42675742506980896
0.485,0.0049858707934618,-0.015341904014348984,-1.47517728805542,1.9099211692810059,-0.43447455763816833
0.49,-0.002731580287218094,-0.00948320608586073,-1.4749399423599243,1.9121651649475098,-0.43405261635780334
0.495,-0.008895153179764748,0.004689187277108431,-1.4747166633605957,1.9167548418045044,-0.4417584240436554
0.5,-0.0026821568608283997,0.003193057142198086,-1.4744380712509155,1.919238805770874,-0.44135549664497375
0.505,0.005104382056742907,-0.01562957651913166,-1.4744187593460083,1.9238768815994263,-0.44924187660217285
0.51,-0.0027023586444556713,-0.009650771506130695,-1.4740369319915771,1.9260075092315674,-0.4488036036491394
0.515,-0.008973161689937115,0.004829391837120056,-1.473581314086914,1.9303920269012451,-0.456667423248291
0.52,-0.0026937699876725674,0.003294939873740077,-1.473077416419983,1.9327855110168457,-0.4562532901763916
0.525,0.005226682871580124,-0.015910545364022255,-1.4727648496627808,1.9372236728668213,-0.4643001854419708
0.53,-0.0026759356260299683,-0.009812803007662296,-1.4721335172653198,1.9392553567886353,-0.46385765075683594
0.535,-0.009059331379830837,0.0049566105008125305,-1.4713990688323975,1.94343101978302,-0.4718753397464752
0.54,-0.0027075023390352726,0.0033850232139229774,-1.4706915616989136,1.9457205533981323,-0.47145533561706543
0.545,0.0053639174439013,-0.01618044450879097,-1.470152497291565,1.9499331712722778,-0.4796462953090668
0.55,-0.002639076206833124,-0.009963266551494598,-1.4693416357040405,1.9518427848815918,-0.4791930913925171
0.555,-0.009142204187810421,0.005077042616903782,-1.4683687686920166,1.9557907581329346,-0.48734065890312195
0.56,-0.002720228396356106,0.0034659244120121002,-1.4674538373947144,1.9579700231552124,-0.48691168427467346
0.5650000000000001,0.005508819594979286,-0.01643943041563034,-1.466650366783142,1.9619518518447876,-0.49522650241851807
0.5700000000000001,-0.0025996328331530094,-0.010105622000992298,-1.465612769126892,1.9637430906295776,-0.4947677254676819
0.5750000000000001,-0.009229244664311409,0.005184972658753395,-1.464368462562561,1.9674594402313232,-0.5030314326286316
0.58,-0.0027346299029886723,0.0035356434527784586,-1.463239312171936,1.969522476196289,-0.5025970339775085
0.585,0.005666602402925491,-0.016683802008628845,-1.4621905088424683,1.9732598066329956,-0.5110183954238892
0.59,-0.0025521665811538696,-0.01023685559630394,-1.460956335067749,1.9749186038970947,-0.5105527639389038
0.595,-0.00931632798165083,0.005281959194689989,-1.459466814994812,1.9783867597579956,-0.5189080834388733
0.6,-0.0027495655231177807,0.0035948259755969048,-1.458133578300476,1.9803249835968018,-0.5184677243232727
0.605,0.005834144540131092,-0.016912227496504784,-1.456833004951477,1.9838087558746338,-0.5269722938537598
0.61,-0.0024994038976728916,-0.010357878170907497,-1.4553859233856201,1.9853324890136719,-0.5265015959739685
0.615,-0.00940578244626522,0.005365336779505014,-1.4536365270614624,1.9885456562042236,-0.534928023815155
0.62,-0.0027659637853503227,0.003642532741650939,-1.4520927667617798,1.9903534650802612,-0.5344835519790649
0.625,0.00601358525454998,-0.01712222397327423,-1.4505470991134644,1.993573546409607,-0.5430490374565125
0.63,-0.0024389815516769886,-0.01046782173216343,-1.4489012956619263,1.994955062866211,-0.5425740480422974
0.635,-0.009496218524873257,0.005435133818536997,-1.4469083547592163,1.997901201248169,-0.5510469079017639
0.64,-0.0027839504182338715,0.0036796857602894306,-1.445164680480957,1.9995712041854858,-0.5505982041358948
0.645,0.006203065160661936,-0.017311710864305496,-1.443378210067749,2.002516984939575,-0.5591986775398254
0.65,-0.0023718304000794888,-0.0105668930336833,-1.441532015800476,2.003751754760742,-0.5587202310562134
0.655,-0.009587965905666351,0.005489536095410585,-1.4392937421798706,2.006422996520996,-0.5672124624252319
0.66,-0.002803653944283724,0.0037058587186038494,-1.4373492002487183,2.0079505443573,-0.5667622685432434
0.665,0.0064030596986413,-0.01747862622141838,-1.435327410697937,2.0106148719787598,-0.5753704309463501
0.67,-0.0022972722072154284,-0.010655058547854424,-1.4332891702651978,2.011695623397827,-0.5748904943466187
0.675,-0.009680777788162231,0.0055278572253882885,-1.4308176040649414,2.0140819549560547,-0.5833742022514343
0.68,-0.0028257290832698345,0.0037216718774288893,-1.4286823272705078,2.0154621601104736,-0.5829230546951294
0.685,0.006612048950046301,-0.017620880156755447,-1.4264339208602905,2.017834424972534,-0.5915099382400513
0.6900000000000001,-0.0022154587786644697,-0.01073246356099844,-1.4242093563079834,2.018758535385132,-0.5910289287567139
0.6950000000000001,-0.009774314239621162,0.0055496180430054665,-1.4215104579925537,2.020852565765381,-0.5994755625724792
0.7000000000000001,-0.0028499863110482693,0.003727543167769909,-1.4191889762878418,2.022080183029175,-0.5990250110626221
0.705,0.006829969584941864,-0.017737016081809998,-1.4167227745056152,2.024155616760254,-0.6075596809387207
0.71,-0.002125930041074753,-0.010799151845276356,-1.414320945739746,2.0249176025390625,-0.6070799231529236
0.715,-0.009867854416370392,0.005554112605750561,-1.4114067554473877,2.0267109870910645,-0.6154573559761047
0.72,-0.0028764777816832066,0.003723756643012166,-1.4089100360870361,2.0277836322784424,-0.615009069442749
0.725,0.007054904475808144,-0.017825229093432426,-1.4062368869781494,2.0295534133911133,-0.6234604120254517
0.73,-0.0020294070709496737,-0.010855736210942268,-1.4036669731140137,2.030151128768921,-0.6229830980300903
0.735,-0.009961231611669064,0.005540263373404741,-1.4005485773086548,2.0316386222839355,-0.6312589049339294
0.74,-0.0029055774211883545,0.003710708813741803,-1.397884726524353,2.0325512886047363,-0.6308148503303528
0.745,0.007285924628376961,-0.0178841482847929,-1.3950155973434448,2.0340099334716797,-0.6391505002975464
0.75,-0.0019253495847806334,-0.01090182363986969,-1.3922871351242065,2.0344414710998535,-0.6386772394180298
0.755,-0.010053134523332119,0.005508569534868002,-1.3889771699905396,2.035618305206299,-0.6468195915222168
0.76,-0.002936839358881116,0.00368949375115335,-1.3861573934555054,2.0363667011260986,-0.6463810801506042
0.765,0.0075212521478533745,-0.017912475392222404,-1.3831067085266113,2.0375099182128906,-0.6545664668083191
0.77,-0.0018145472276955843,-0.010938242077827454,-1.3802334070205688,2.0377743244171143,-0.6540993452072144
0.775,-0.010143413208425045,0.005458328872919083,-1.3767472505569458,2.038635730743408,-0.6620747447013855
0.78,-0.002970751840621233,0.0036602579057216644,-1.3737834692001343,2.039217948913574,-0.6616432666778564
0.785,0.007759100757539272,-0.017910117283463478,-1.3705642223358154,2.0400426387786865,-0.6696457266807556
0.79,-0.0016971681034192443,-0.010965486988425255,-1.3675568103790283,2.0401387214660645,-0.6691858768463135
0.795,-0.010231249034404755,0.005389748141169548,-1.3639086484909058,2.0406813621520996,-0.6769607663154602
0.8,-0.0030071355868130922,0.003623667638748884,-1.360814094543457,2.0410969257354736,-0.6765384674072266
0.805,0.007997510023415089,-0.017875976860523224,-1.3574421405792236,2.041599988937378,-0.6843240261077881
0.81,-0.0015734292101114988,-0.010983171872794628,-1.3543145656585693,2.041527271270752,-0.6838734149932861
0.8150000000000001,-0.010314897634088993,0.005302962381392717,-1.3505210876464844,2.0417492389678955,-0.6914145946502686
0.8200000000000001,-0.0030453556682914495,0.0035803925711661577,-1.3473087549209595,2.0419960021972656,-0.691002607345581
0.8250000000000001,0.008234535343945026,-0.017810139805078506,-1.3437992334365845,2.0421762466430664,-0.6985383629798889
0.8300000000000001,-0.0014442745596170425,-0.01099204458296299,-1.3405643701553345,2.0419349670410156,-0.6980985999107361
0.835,-0.010394473560154438,0.005198442377150059,-1.3366413116455078,2.0418360233306885,-0.7053740620613098
0.84,-0.0030858919490128756,0.0035309321247041225,-1.3333261013031006,2.0419158935546875,-0.7049745917320251
0.845,0.008468345738947392,-0.017713280394673347,-1.329696536064148,2.041774034500122,-0.7122282385826111
0.85,-0.001309945248067379,-0.01099221222102642,-1.3263704776763916,2.041365623474121,-0.7118014097213745
0.855,-0.010468480177223682,0.005076735280454159,-1.322336196899414,2.040945053100586,-0.7187789082527161
0.86,-0.003128123003989458,0.003475489793345332,-1.318932294845581,2.0408568382263184,-0.7183931469917297
0.865,0.00869626086205244,-0.017585514113307,-1.3151979446411133,2.0403940677642822,-0.7253337502479553
0.87,-0.0011712799314409494,-0.010983753949403763,-1.3117928504943848,2.0398199558258057,-0.7249208688735962
0.875,-0.010535774752497673,0.004938633181154728,-1.3076640367507935,2.0390818119049072,-0.7315715551376343
0.88,-0.0031717969104647636,0.003414986189454794,-1.3041865825653076,2.0388267040252686,-0.7312011122703552
0.885,0.008916369639337063,-0.017427856102585793,-1.300365924835205,2.0380446910858154,-0.7377991080284119
0.89,-0.001029301667585969,-0.010966978035867214,-1.2968984842300415,2.03730845451355,-0.7374017238616943
0.895,-0.010595863685011864,0.004784769844263792,-1.2926925420761108,2.0362536907196045,-0.7436968684196472
0.9,-0.0032165904995054007,0.003349259728565812,-1.2891558408737183,2.035834312438965,-0.7433425188064575
0.905,0.009126914665102959,-0.017241675406694412,-1.285264015197754,2.0347378253936768,-0.7495717406272888
0.91,-0.0008842684328556061,-0.010941686108708382,-1.281747579574585,2.0338408946990967,-0.7491909861564636
0.915,-0.010647255927324295,0.004616657737642527,-1.277482509613037,2.0324742794036865,-0.7551043033599854
0.92,-0.003262041136622429,0.0032792186830192804,-1.2739027738571167,2.031892776489258,-0.7547675967216492
0.925,0.009325489401817322,-0.017028355970978737,-1.2699577808380127,2.0304863452911377,-0.7606022357940674
0.93,-0.0007376477587968111,-0.010908432304859161,-1.2664070129394531,2.029432773590088,-0.7602394223213196
0.935,-0.010689527727663517,0.00443474855273962,-1.262098789215088,2.0277583599090576,-0.7657473087310791
0.9400000000000001,-0.0033078407868742943,0.0032045720145106316,-1.2584894895553589,2.027017831802368,-0.7654293179512024
0.9450000000000001,0.009510642848908901,-0.016789792105555534,-1.2545065879821777,2.025308132171631,-0.770846962928772
0.9500000000000001,-0.0005904550198465586,-0.010866250842809677,-1.2509357929229736,2.024103879928589,-0.7705026865005493
0.9550000000000001,-0.010721908882260323,0.004241150803864002,-1.2466018199920654,2.0221285820007324,-0.7755851745605469
0.96,-0.003353310050442815,0.0031255248468369246,-1.2429780960083008,2.0212318897247314,-0.7752861976623535
0.965,0.009680425748229027,-0.016528211534023285,-1.238973617553711,2.0192244052886963,-0.7802665829658508
0.97,-0.00044366088695824146,-0.010815915651619434,-1.2353960275650024,2.0178725719451904,-0.7799420356750488
0.975,-0.010743408463895321,0.0040366086177527905,-1.231050968170166,2.0156044960021973,-0.7845801115036011
0.98,-0.003397787921130657,0.0030426266603171825,-1.2274253368377686,2.014556407928467,-0.7843009233474731
0.985,0.00983394030481577,-0.01624523475766182,-1.223413348197937,2.0122592449188232,-0.7888272404670715
0.99,-0.00029799179174005985,-0.010756954550743103,-1.2198426723480225,2.010765790939331,-0.7885234355926514
0.995,-0.010753466747701168,0.003822718746960163,-1.2155033349990845,2.008212089538574,-0.7927015423774719
1.0,-0.0034407982602715492,0.002955344971269369,-1.2118908166885376,2.007018566131592,-0.7924426198005676
1.0050000000000001,0.009969264268875122,-0.015943948179483414,-1.2078853845596313,2.004438877105713,-0.7965012192726135
1.01,-0.00015538767911493778,-0.010689623653888702,-1.204332947731018,2.0028083324432373,-0.7962172627449036
1.0150000000000001,-0.010752055794000626,0.0036010975018143654,-1.2000117301940918,1.9999786615371704,-0.7999237775802612
1.02,-0.003481535241007805,0.002864348702132702,-1.1964234113693237,1.998644232749939,-0.7996851205825806
1.025,0.010086133144795895,-0.015626149252057076,-1.1924982070922852,1.9957674741744995,-0.8000000715255737
1.03,-2.3144297301769257e-05,-0.010611560195684433,-1.1888023614883423,1.9939756393432617,-0.8000000715255737
1.035,-0.01076301746070385,0.0033715078607201576,-1.1843035221099854,1.9907792806625366,-0.8000001311302185
1.04,-0.0035423976369202137,0.002765804063528776,-1.1803959608078003,1.9893394708633423,-0.8000001311302185
1.045,0.010201497934758663,-0.015292083844542503,-1.1761828660964966,1.98617422580719,-0.8000001907348633
1.05,0.00012286147102713585,-0.010524684563279152,-1.172423005104065,1.9842815399169922,-0.8000001907348633
1.055,-0.0107767628505826,0.003146775998175144,-1.168063998222351,1.9808400869369507,-0.8000002503395081
1.06,-0.003609840990975499,0.0026678103022277355,-1.1644434928894043,1.9792274236679077,-0.8000002503395081
1.065,0.010294687934219837,-0.014955684542655945,-1.1605126857757568,1.9757877588272095,-0.8000003099441528
1.07,0.00026055844500660896,-0.01043374091386795,-1.1569660902023315,1.973766565322876,-0.8000003695487976
1.075,-0.010765020735561848,0.0029228513594716787,-1.152679204940796,1.9700995683670044,-0.8000003695487976
1.08,-0.0036628751549869776,0.002568194642663002,-1.1490442752838135,1.9683765172958374,-0.8000004291534424
1.085,0.010363021865487099,-0.014609040692448616,-1.1450530290603638,1.9647274017333984,-0.8000004291534424
1.09,0.0003881375305354595,-0.010333942249417305,-1.1415075063705444,1.9626049995422363,-0.8000004291534424
1.095,-0.010740510188043118,0.002690818626433611,-1.137290120124817,1.9587125778198242,-0.8000004887580872
1.1,-0.00370807689614594,0.002462824573740363,-1.1338096857070923,1.9568601846694946,-0.8000004887580872
1.105,0.010411851108074188,-0.014254427514970303,-1.129988193511963,1.9529821872711182,-0.8000005483627319
1.11,0.0005069866310805082,-0.010225408710539341,-1.1266177892684937,1.950745701789856,-0.8000005483627319
1.115,-0.010694860480725765,0.0024586536455899477,-1.1225239038467407,1.9466383457183838,-0.8000005483627319
1.12,-0.003741529304534197,0.0023539657704532146,-1.119133710861206,1.9446802139282227,-0.8000005483627319
1.125,0.010434351861476898,-0.01389623899012804,-1.1153573989868164,1.9406050443649292,-0.8000006079673767
1.1300000000000001,0.0006132426206022501,-0.010108831338584423,-1.1120507717132568,1.938277006149292,-0.8000006079673767
1.135,-0.010632801800966263,0.002224370837211609,-1.1080348491668701,1.933969497680664,-0.8000006079673767
1.1400000000000001,-0.0037632188759744167,0.002241335343569517,-1.1047658920288086,1.9319074153900146,-0.8000006079673767
1.145,0.010438046418130398,-0.013534483499825,-1.1011149883270264,1.927633285522461,-0.8000006079673767
1.1500000000000001,0.0007084636017680168,-0.009984346106648445,-1.0979572534561157,1.92521071434021,-0.8000006079673767
1.155,-0.010553671978414059,0.0019912400748580694,-1.0940719842910767,1.9207106828689575,-0.8000006079673767
1.16,-0.003773457370698452,0.002124774269759655,-1.0909289121627808,1.9185541868209839,-0.8000006675720215
1.165,0.010418791323900223,-0.013173870742321014,-1.0873706340789795,1.9141007661819458,-0.8000006675720215
1.17,0.0007904688827693462,-0.009852414019405842,-1.0843164920806885,1.9116007089614868,-0.8000006675720215
1.175,-0.010458726435899734,0.001760501298122108,-1.0805305242538452,1.9069241285324097,-0.8000006675720215
1.18,-0.003771624993532896,0.0020058462396264076,-1.0775089263916016,1.9046813249588013,-0.8000006675720215
1.185,0.010380992665886879,-0.012814603745937347,-1.074065089225769,1.9000561237335205,-0.8000006675720215
1.19,0.0008594277314841747,-0.009713795967400074,-1.0711486339569092,1.8974804878234863,-0.8000006675720215
1.195,-0.010349595919251442,0.0015330534661188722,-1.067492127418518,1.8926352262496948,-0.8000006079673767
1.2,-0.0037579976487904787,0.001883486402221024,-1.064607858657837,1.8903158903121948,-0.8000006079673767
1.205,0.010324347764253616,-0.012460357509553432,-1.0612754821777344,1.8855311870574951,-0.8000006079673767
1.21,0.0009149315301328897,-0.009568683803081512,-1.0584830045700073,1.882891058921814,-0.8000006079673767
1.215,-0.010226571932435036,0.001311176223680377,-1.0549414157867432,1.8778918981552124,-0.8000005483627319
1.22,-0.0037321357522159815,0.0017597501864656806,-1.0521862506866455,1.8755035400390625,-0.8000005483627319
1.225,0.010251154191792011,-0.012111399322748184,-1.0489693880081177,1.870572566986084,-0.8000005483627319
1.23,0.0009570065885782242,-0.009418493136763573,-1.0463122129440308,1.8678760528564453,-0.8000005483627319
1.235,-0.01009193155914545,0.00109482416883111,-1.0428990125656128,1.8627325296401978,-0.8000004887580872
1.24,-0.0036950998473912477,0.0016338926507160068,-1.0402839183807373,1.8602840900421143,-0.8000004887580872
1.245,0.010162271559238434,-0.011770333163440228,-1.0371862649917603,1.8552173376083374,-0.8000004291534424
1.25,0.0009856089018285275,-0.009263425134122372,-1.0346630811691284,1.852472186088562,-0.8000004291534424
1.2550000000000001,-0.0099460668861866,0.000885764486156404,-1.0313739776611328,1.8471972942352295,-0.8000003695487976
1.26,-0.003646525554358959,0.0015073359245434403,-1.0288949012756348,1.8446979522705078,-0.8000003695487976
1.2650000000000001,0.010059574618935585,-0.011437647975981236,-1.0259147882461548,1.8395068645477295,-0.8000003099441528
1.27,0.0010006262455135584,-0.009104428812861443,-1.0235275030136108,1.836721420288086,-0.8000003099441528
1.2750000000000001,-0.00979124940931797,0.000684044323861599,-1.0203663110733032,1.831325650215149,-0.8000002503395081
1.28,-0.0035875877365469933,0.0013798893196508288,-1.0180273056030273,1.8287824392318726,-0.8000002503395081
1.285,0.00994446873664856,-0.011114981956779957,-1.0151684284210205,1.8234790563583374,-0.8000001907348633
1.29,0.001003130106255412,-0.008942276239395142,-1.0129187107086182,1.8206615447998047,-0.8000001907348633
1.295,-0.009627794846892357,0.0004908157861791551,-1.009885311126709,1.8151570558547974,-0.8000001311302185
1.3,-0.0035184386651962996,0.0012525971978902817,-1.0076861381530762,1.8125799894332886,-0.8000000715255737
1.305,0.009818300604820251,-0.010803047567605972,-1.0049480199813843,1.8071757555007935,-0.800000011920929
1.31,0.000993136316537857,-0.008778207004070282,-1.0028355121612549,1.8043339252471924,-0.800000011920929
1.315,-0.009457560256123543,0.00030589126981794834,-0.9999629855155945,1.7987236976623535,-0.7982301712036133
1.32,-0.003442391287535429,0.0011279894970357418,-0.9978163838386536,1.7960604429244995,-0.7981678247451782
1.325,0.009683826006948948,-0.010498411022126675,-0.9951220750808716,1.790499210357666,-0.7948941588401794
1.33,0.0009675314649939537,-0.008609309792518616,-0.9928848743438721,1.7875818014144897,-0.7948765158653259
1.335,-0.009309936314821243,0.00012674089521169662,-0.9898792505264282,1.7818117141723633,-0.7913398146629333
1.34,-0.0033825961872935295,0.0009944855701178312,-0.9876214265823364,1.7791388034820557,-0.7913687229156494
1.345,0.00954937282949686,-0.010209270752966404,-0.9849139451980591,1.7734777927398682,-0.7877457141876221
1.35,0.0009403133299201727,-0.008443400263786316,-0.9828166365623474,1.7705366611480713,-0.7877458333969116
1.355,-0.009164655581116676,-3.5893055610358715e-05,-0.9800555109977722,1.7646615505218506,-0.783859372138977
1.36,-0.0033169251400977373,0.0008724970975890756,-0.9780712127685547,1.7619338035583496,-0.7838941216468811
1.365,0.009410740807652473,-0.009930074214935303,-0.975587010383606,1.7561781406402588,-0.7799198627471924
1.37,0.0009036518167704344,-0.008274256251752377,-0.9736350774765015,1.753222107887268,-0.7799223065376282
1.375,-0.009015804156661034,-0.00018742465181276202,-0.9709373712539673,1.7472829818725586,-0.7757013440132141
1.3800000000000001,-0.003247298765927553,0.0007480363128706813,-0.9689740538597107,1.7445530891418457,-0.7757472395896912
1.385,0.00926297903060913,-0.009667925536632538,-0.9665078520774841,1.7387431859970093,-0.7714526653289795
1.3900000000000001,0.0008545347955077887,-0.008110016584396362,-0.9646239876747131,1.7357816696166992,-0.7714694738388062
1.395,-0.008868820033967495,-0.0003325879224576056,-0.9620504975318909,1.729772925376892,-0.7669364213943481
1.4000000000000001,-0.0031720479018986225,0.0006282419781200588,-0.9602559804916382,1.7270195484161377,-0.7669910788536072
1.405,0.009114415384829044,-0.009413336403667927,-0.9579642415046692,1.7211412191390991,-0.7623868584632874
1.41,0.0007995563792064786,-0.007943090051412582,-0.9562445878982544,1.7181689739227295,-0.7624080777168274
1.415,-0.008719046600162983,-0.00046580639900639653,-0.953801155090332,1.712105393409729,-0.7575747966766357
1.42,-0.003093134146183729,0.000509892066475004,-0.9521051645278931,1.7093505859375,-0.7576362490653992
1.425,0.008957941085100174,-0.009174692444503307,-0.9498845338821411,1.7034335136413574,-0.7527430057525635
1.43,0.0007331866072490811,-0.0077807847410440445,-0.9482417702674866,1.7004663944244385,-0.752773106098175
1.435,-0.008570974692702293,-0.000592716212850064,-0.9458919763565063,1.694361925125122,-0.7476616501808167
1.44,-0.0030103493481874466,0.00039497969555668533,-0.9443150162696838,1.6916062831878662,-0.7477319836616516
1.445,0.008800916373729706,-0.008945152163505554,-0.9422243237495422,1.6856491565704346,-0.7425665855407715
1.45,0.0006614446174353361,-0.007618722040206194,-0.940723717212677,1.6826825141906738,-0.7426027655601501
1.455,-0.00842232909053564,-0.00070967833744362,-0.9385108351707458,1.6765429973602295,-0.7372271418571472
1.46,-0.002925037406384945,0.0002831659512594342,-0.9370594024658203,1.673793077468872,-0.7373036742210388
1.465,0.008639493957161903,-0.00872921571135521,-0.9350728988647461,1.6678128242492676,-0.7318825721740723
1.47,0.0005819747457280755,-0.007460430730134249,-0.9336722493171692,1.6648608446121216,-0.7319253087043762
1.475,-0.008275206200778484,-0.0008188736392185092,-0.9315575361251831,1.6587003469467163,-0.7263043522834778
1.48,-0.002837657928466797,0.00017532375932205468,-0.93021160364151,1.6559619903564453,-0.7263878583908081
1.485,0.00847711693495512,-0.008523458614945412,-0.9283340573310852,1.6499688625335693,-0.7207306027412415
1.49,0.0004972373135387897,-0.007304464466869831,-0.9270544648170471,1.6470309495925903,-0.7207781672477722
1.495,-0.008129213936626911,-0.000920018064789474,-0.9250656962394714,1.6408579349517822,-0.7149295806884766
1.5,-0.0027487152256071568,7.091055158525705e-05,-0.9238462448120117,1.6381360292434692,-0.7150184512138367
1.5050000000000001,0.008312979713082314,-0.008329699747264385,-0.92208331823349,1.6321362257003784,-0.7091402411460876
1.51,0.0004073167219758034,-0.007152394857257605,-0.9209163784980774,1.6292201280593872,-0.7091934084892273
1.5150000000000001,-0.007984745316207409,-0.001013795263133943,-0.9190364480018616,1.6230486631393433,-0.7031332850456238
1.52,-0.0026590675115585327,-2.9396072932286188e-05,-0.917924702167511,1.620349645614624,-0.7032277584075928
1.5250000000000001,0.00814821571111679,-0.008146349340677261,-0.9162667393684387,1.6143579483032227,-0.6971468329429626
1.53,0.0003132265992462635,-0.007003712467849255,-0.9152114391326904,1.6114680767059326,-0.6972046494483948
1.5350000000000001,-0.007842514663934708,-0.00110045843757689,-0.9134483337402344,1.6053061485290527,-0.6909512877464294
1.54,-0.002569457283243537,-0.00012584180512931198,-0.9124552011489868,1.602632761001587,-0.6910502314567566
1.545,0.007983091287314892,-0.007973721250891685,-0.9109119772911072,1.59665846824646,-0.6847835779190063
1.55,0.00021595123689621687,-0.006859146058559418,-0.9099711775779724,1.5937987565994263,-0.6848453879356384
1.555,-0.007702362257987261,-0.0011800597421824932,-0.9083223342895508,1.5876588821411133,-0.6784150004386902
1.56,-0.002480356954038143,-0.000217634835280478,-0.907440185546875,1.5850179195404053,-0.6785179972648621
1.565,0.007818222045898438,-0.00781078077852726,-0.9060046076774597,1.5790729522705078,-0.6720831990242004
1.57,0.0001158927334472537,-0.0067183575592935085,-0.9051724672317505,1.5762475728988647,-0.6721476316452026
1.575,-0.007565103936940432,-0.001253297203220427,-0.9036369323730469,1.5701394081115723,-0.6655574440956116
1.58,-0.0023924808483570814,-0.00030565960332751274,-0.9028680920600891,1.5675357580184937,-0.6656649112701416
1.585,0.0076538873836398125,-0.007657951209694147,-0.901544451713562,1.5616291761398315,-0.6590772271156311
1.59,1.4198245480656624e-05,-0.0065821148455142975,-0.900824248790741,1.5588433742523193,-0.6591458916664124
1.595,-0.007430296391248703,-0.0013203299604356289,-0.8994045853614807,1.5527786016464233,-0.6524115204811096
1.6,-0.002306170528754592,-0.0003890121588483453,-0.8987472653388977,1.5502153635025024,-0.6525225043296814
1.605,0.007490674499422312,-0.007514221593737602,-0.8975343108177185,1.5443592071533203,-0.6457987427711487
1.61,-8.868647273629904e-05,-0.006450118962675333,-0.89692223072052,1.5416167974472046,-0.6458703279495239
1.615,-0.007298706565052271,-0.0013815710553899407,-0.8956160545349121,1.5356067419052124,-0.6390084028244019
1.62,-0.002222310984507203,-0.00046807140461169183,-0.8950681090354919,1.5330889225006104,-0.6391229629516602
1.625,0.007328957784920931,-0.007379612885415554,-0.8939664959907532,1.5272947549819946,-0.632279634475708
1.6300000000000001,-0.0001919545466080308,-0.0063226912170648575,-0.8934628367424011,1.5245989561080933,-0.6323535442352295
1.635,-0.007170339114964008,-0.0014372665900737047,-0.892272412776947,1.518654227256775,-0.6253809332847595
1.6400000000000001,-0.0021411124616861343,-0.0005426888819783926,-0.8918340802192688,1.5161848068237305,-0.6254979372024536
1.645,0.007168853655457497,-0.0072535015642642975,-0.8908450603485107,1.5104634761810303,-0.61855149269104
1.6500000000000001,-0.0002954945666715503,-0.006199593655765057,-0.890448272228241,1.5078184604644775,-0.6186275482177734
1.655,-0.0070455255918204784,-0.0014878098154440522,-0.8893734812736511,1.5019526481628418,-0.6115598082542419
1.6600000000000001,-0.0020626834593713284,-0.0006132922135293484,-0.8890424370765686,1.499535322189331,-0.611678957939148
1.665,0.0070110103115439415,-0.0071358708664774895,-0.8881660103797913,1.493897557258606,-0.6046451330184937
1.67,-0.00039805483538657427,-0.006081257946789265,-0.8878751993179321,1.4913076162338257,-0.6047232151031494
1.675,-0.006924184039235115,-0.00153339805547148,-0.8869163990020752,1.485529899597168,-0.5975759029388428
1.68,-0.001987799536436796,-0.0006793041829951108,-0.8866920471191406,1.4831691980361938,-0.5976978540420532
1.685,0.006855582818388939,-0.007025925908237696,-0.8859293460845947,1.477626919746399,-0.5905921459197998
1.69,-0.0004999225493520498,-0.005967032164335251,-0.8857433199882507,1.4750950336456299,-0.5906713604927063
1.695,-0.006806930527091026,-0.0015741242095828056,-0.8849016427993774,1.4694180488586426,-0.5834604501724243
1.7,-0.0019162686076015234,-0.000741348194424063,-0.8847830295562744,1.4671167135238647,-0.583584189414978
1.705,0.006702709477394819,-0.006923747714608908,-0.8841351270675659,1.4616814851760864,-0.5764216780662537
1.71,-0.00060060597024858,-0.005857469048351049,-0.8840524554252625,1.4592093229293823,-0.57650226354599
1.715,-0.006693614646792412,-0.0016108370618894696,-0.8833284974098206,1.4536443948745728,-0.5692427158355713
1.72,-0.0018486875342205167,-0.0007995309424586594,-0.8833142518997192,1.4514068365097046,-0.5693683624267578
1.725,0.0065528638660907745,-0.006829041056334972,-0.8827821612358093,1.446090817451477,-0.5621653199195862
1.73,-0.0006990702822804451,-0.005752249620854855,-0.8828018307685852,1.443682312965393,-0.5622468590736389
1.735,-0.006584231276065111,-0.0016428164672106504,-0.8821970224380493,1.438242793083191,-0.5549538731575012
1.74,-0.001785055734217167,-0.0008530638297088444,-0.8822858929634094,1.436070442199707,-0.5550806522369385
1.745,0.006406400352716446,-0.006741169840097427,-0.8818714618682861,1.4308860301971436,-0.5478519201278687
1.75,-0.0007960394723340869,-0.005651310086250305,-0.881992757320404,1.428544521331787,-0.5479344129562378
1.7550000000000001,-0.006479762494564056,-0.0016712145879864693,-0.8815081119537354,1.4232410192489624,-0.540623128414154
1.76,-0.001725667854771018,-0.0009035324328579009,-0.8816990852355957,1.4211370944976807,-0.540751039981842
1.7650000000000001,0.006262811366468668,-0.006660460494458675,-0.8814033269882202,1.4160960912704468,-0.5335114002227783
1.77,-0.0008906174916774035,-0.005554827395826578,-0.8816245198249817,1.4138226509094238,-0.5335939526557922
1.7750000000000001,-0.0063793957233428955,-0.001695616520009935,-0.8812612891197205,1.4086683988571167,-0.5262792706489563
1.78,-0.0016704013105481863,-0.0009495413396507502,-0.8815526962280273,1.4066351652145386,-0.5264078378677368
1.7850000000000001,0.006123233120888472,-0.00658584525808692,-0.8813769221305847,1.4017492532730103,-0.5191718339920044
1.79,-0.0009827276226133108,-0.005462099798023701,-0.8816975951194763,1.3995493650436401,-0.5192555785179138
1.795,-0.006283677648752928,-0.0017163263401016593,-0.8814570307731628,1.394554853439331,-0.5119512677192688
1.8,-0.0016192977782338858,-0.0009923033649101853,-0.8818480968475342,1.3925950527191162,-0.5120806097984314
1.805,0.005987325683236122,-0.006518127396702766,-0.8817943334579468,1.387877106666565,-0.5048625469207764
1.81,-0.0010723734740167856,-0.0053739286959171295,-0.8822125196456909,1.3857496976852417,-0.5049459934234619
1.815,-0.006192980334162712,-0.0017336790915578604,-0.8820965886116028,1.3809295892715454,-0.49766770005226135
1.82,-0.0015724162803962827,-0.0010315293911844492,-0.8825864791870117,1.37904691696167,-0.49779820442199707
1.825,0.005855376832187176,-0.00645638769492507,-0.8826562762260437,1.3745086193084717,-0.49061211943626404
1.83,-0.0011592353694140911,-0.005289479624480009,-0.883171021938324,1.3724561929702759,-0.49069514870643616
1.835,-0.00610690750181675,-0.0017474202904850245,-0.8831809163093567,1.3678200244903564,-0.483456015586853
1.84,-0.0015296980272978544,-0.0010670939227566123,-0.8837683200836182,1.3660162687301636,-0.4835868179798126
1.845,0.005727452225983143,-0.006400574930012226,-0.8839631080627441,1.3616695404052734,-0.47644710540771484
1.85,-0.001243467559106648,-0.00520899286493659,-0.8845735788345337,1.3596961498260498,-0.4765304625034332
1.855,-0.006026115734130144,-0.0017579863779246807,-0.8847110867500305,1.3552579879760742,-0.4693443179130554
1.86,-0.0014911317266523838,-0.001099600805900991,-0.8853942155838013,1.3535332679748535,-0.46947482228279114
1.865,0.0056037078611552715,-0.006350695621222258,-0.8857161998748779,1.349390983581543,-0.462395578622818
1.87,-0.0013250302290543914,-0.005132135935127735,-0.8864212036132812,1.3474972248077393,-0.46247854828834534
1.875,-0.005949991289526224,-0.0017653575632721186,-0.8866876363754272,1.3432681560516357,-0.4553591310977936
1.8800000000000001,-0.0014561250573024154,-0.0011289224494248629,-0.8874660730361938,1.3416274785995483,-0.455490380525589
1.885,0.00548428064212203,-0.006306337658315897,-0.8879171013832092,1.3377019166946411,-0.44848453998565674
1.8900000000000001,-0.0014036785578355193,-0.005059039685875177,-0.8887150287628174,1.3358886241912842,-0.4485665261745453
1.895,-0.005879322066903114,-0.0017696537543088198,-0.8891125321388245,1.331881046295166,-0.4415278732776642
1.9000000000000001,-0.001425582217052579,-0.0011552809737622738,-0.8899846076965332,1.3303234577178955,-0.44165822863578796
1.905,0.005368846468627453,-0.0062678297981619835,-0.8905656337738037,1.3266240358352661,-0.4347388744354248
1.9100000000000001,-0.0014798608608543873,-0.004989727400243282,-0.8914558291435242,1.3248955011367798,-0.43482068181037903
1.915,-0.00581371458247304,-0.00177103653550148,-0.8919861316680908,1.3211225271224976,-0.4278748035430908
1.92,-0.0013984090182930231,-0.001178554492071271,-0.8929504156112671,1.3196498155593872,-0.4280049800872803
1.925,0.005258151795715094,-0.006234314292669296,-0.8936638236045837,1.3161900043487549,-0.42118561267852783
1.93,-0.0015528512885794044,-0.004923549946397543,-0.8946454524993896,1.3145476579666138,-0.42126697301864624
1.935,-0.005753107834607363,-0.0017691891407594085,-0.8953095078468323,1.3110177516937256,-0.4144267737865448
1.94,-0.001374790444970131,-0.0011990962084382772,-0.8963647484779358,1.30963134765625,-0.4145567715167999
1.945,0.005151669029146433,-0.006206419784575701,-0.8972119688987732,1.3064223527908325,-0.40784910321235657
1.95,-0.0016237148083746433,-0.004861026536673307,-0.8982831239700317,1.3048666715621948,-0.4079294502735138
1.955,-0.005698041990399361,-0.001764780841767788,-0.899082362651825,1.301591396331787,-0.40120774507522583
1.96,-0.0013547069393098354,-0.0012171757407486439,-0.9002276062965393,1.3002938032150269,-0.4013369083404541
1.965,0.0050494433380663395,-0.006183665711432695,-0.9012104868888855,1.297346830368042,-0.3947540521621704
1.97,-0.0016914686420932412,-0.004801953211426735,-0.9023701548576355,1.2958787679672241,-0.3948330283164978
1.975,-0.005647968500852585,-0.0017573381774127483,-0.9033068418502808,1.2928709983825684,-0.38824233412742615
1.98,-0.0013378406874835491,-0.0012323589762672782,-0.9045407176017761,1.2916630506515503,-0.38837000727653503
1.985,0.004951587412506342,-0.006165815517306328,-0.9056594967842102,1.2889848947525024,-0.3819234073162079
1.99,-0.0017570945201441646,-0.004745865240693092,-0.9069068431854248,1.2876087427139282,-0.38200193643569946
1.995,-0.005603258032351732,-0.0017470826860517263,-0.9079809188842773,1.2848759889602661,-0.37555229663848877
2.0,-0.0013238608371466398,-0.001245327526703477,-0.9093017578125,1.2837591171264648,-0.3756793737411499
2.005,0.004858176223933697,-0.006153126247227192,-0.910558819770813,1.2813637256622314,-0.3693808317184448
2.0100000000000002,-0.0018199989572167397,-0.0046930816024541855,-0.9118915796279907,1.2800761461257935,-0.3694569766521454
2.015,-0.005563580896705389,-0.0017340012127533555,-0.9131044745445251,1.2776281833648682,-0.363161563873291
2.02,-0.001312976935878396,-0.0012556685833260417,-0.9145115613937378,1.2766053676605225,-0.3632871210575104
2.025,0.004768982995301485,-0.006145352032035589,-0.915907621383667,1.2745007276535034,-0.35714778304100037
2.0300000000000002,-0.0018803536659106612,-0.0046436781994998455,-0.9173247218132019,1.27330482006073,-0.3572218716144562
2.035,-0.005529132205992937,-0.00171828328166157,-0.9186766147613525,1.2711491584777832,-0.3510899245738983
2.04,-0.0013047759421169758,-0.0012639013584703207,-0.9201681613922119,1.2702198028564453,-0.3512139320373535
2.045,0.004684056155383587,-0.006142607424408197,-0.921703577041626,1.268413782119751,-0.34524446725845337
2.05,-0.0019387418869882822,-0.004597244318574667,-0.9232041239738464,1.2673125267028809,-0.3453172445297241
2.055,-0.005500021390616894,-0.0016996971098706126,-0.9246958494186401,1.265458583831787,-0.3393600285053253
2.06,-0.0012990396935492754,-0.0012700026854872704,-0.9262704253196716,1.264624834060669,-0.3394826352596283
2.065,0.004603360313922167,-0.006144699174910784,-0.9279448986053467,1.263122320175171,-0.33369180560112
2.07,-0.001994502265006304,-0.0045539396815001965,-0.9295271635055542,1.2621161937713623,-0.33376285433769226
2.075,-0.0054759313352406025,-0.0016780387377366424,-0.9311589002609253,1.2605712413787842,-0.3279900848865509
2.08,-0.0012958412989974022,-0.0012735287891700864,-0.9328147768974304,1.2598342895507812,-0.32811063528060913
2.085,0.004526819102466106,-0.006151481997221708,-0.9346287250518799,1.2586435079574585,-0.32250887155532837
2.09,-0.002048089634627104,-0.004513802006840706,-0.9362916350364685,1.2577351331710815,-0.32257798314094543
2.095,-0.005456894636154175,-0.0016538521740585566,-0.9380627870559692,1.2565031051635742,-0.31699857115745544
2.1,-0.0012949605006724596,-0.0012753157643601298,-0.9397987723350525,1.255863904953003,-0.31711700558662415
2.105,0.004454001784324646,-0.0061632683500647545,-0.9417515397071838,1.2549885511398315,-0.31171277165412903
2.11,-0.0020996583625674248,-0.004476937465369701,-0.9434928894042969,1.2541776895523071,-0.31177958846092224
2.115,-0.005442975554615259,-0.0016267499886453152,-0.9454024434089661,1.253265380859375,-0.30640265345573425
2.12,-0.001296080183237791,-0.001274840789847076,-0.9472161531448364,1.2527258396148682,-0.3065187335014343
2.125,0.004385710693895817,-0.006179735995829105,-0.949306845664978,1.2521724700927734,-0.3013213276863098
2.13,-0.002148919738829136,-0.004442854784429073,-0.9511255621910095,1.2514609098434448,-0.301385760307312
2.1350000000000002,-0.005433876998722553,-0.0015965786296874285,-0.9531732797622681,1.250870943069458,-0.2962192893028259
2.14,-0.0012992776464670897,-0.0012723435647785664,-0.9550637006759644,1.2504305839538574,-0.29633235931396484
2.145,0.004321021493524313,-0.006201182492077351,-0.9572916626930237,1.2502021789550781,-0.29134973883628845
2.15,-0.002196428133174777,-0.004412212409079075,-0.959185779094696,1.2495921850204468,-0.29141107201576233
2.1550000000000002,-0.005430013407021761,-0.0015635958407074213,-0.9613688588142395,1.2493271827697754,-0.2864631116390228
2.16,-0.0013043226208537817,-0.001267948537133634,-0.9633330702781677,1.2489876747131348,-0.2865726351737976
2.165,0.004260315094143152,-0.006227391771972179,-0.9656959772109985,1.2490867376327515,-0.2818123698234558
2.17,-0.002241737674921751,-0.004384588450193405,-0.9676636457443237,1.2485792636871338,-0.28187063336372375
2.1750000000000003,-0.005430610850453377,-0.0015275515615940094,-0.9699806571006775,1.2486402988433838,-0.27714744210243225
2.18,-0.0013111847219988704,-0.0012613083235919476,-0.9720178246498108,1.248403549194336,-0.27725398540496826
2.185,0.004203178454190493,-0.006258352659642696,-0.974513828754425,1.2488293647766113,-0.27272188663482666
2.19,-0.002285218797624111,-0.004360353574156761,-0.9765534400939941,1.2484257221221924,-0.27277693152427673
2.195,-0.005436454899609089,-0.0014884237898513675,-0.9790014624595642,1.2488133907318115,-0.26828548312187195
2.2,-0.001319661270827055,-0.0012529470259323716,-0.9811089038848877,1.248680830001831,-0.26838797330856323
2.205,0.0041499692015349865,-0.006294430233538151,-0.983735203742981,1.2494347095489502,-0.26409101486206055
2.21,-0.0023266999050974846,-0.0043393210507929325,-0.985844075679779,1.249135136604309,-0.26414185762405396
2.215,-0.005446536000818014,-0.001446121372282505,-0.9884202480316162,1.2498486042022705,-0.25988835096359253
2.22,-0.0013295754324644804,-0.0012422801228240132,-0.9905965924263,1.2498223781585693,-0.25998708605766296
2.225,0.004100290592759848,-0.006335193291306496,-0.9933496713638306,1.250900387763977,-0.25592997670173645
2.23,-0.0023666578345000744,-0.004321540705859661,-0.9955258965492249,1.250706672668457,-0.2559768259525299
2.235,-0.005461567081511021,-0.0014008278958499432,-0.9982264637947083,1.2517435550689697,-0.251965194940567
2.24,-0.0013410956598818302,-0.0012300645466893911,-1.0004687309265137,1.2518248558044434,-0.25206005573272705
2.245,0.004053953569382429,-0.00638129748404026,-1.003345251083374,1.2532269954681396,-0.24824805557727814
2.25,-0.0024048401974141598,-0.0043074325658380985,-1.0055863857269287,1.2531393766403198,-0.24829041957855225
2.255,-0.005481161177158356,-0.0013520477805286646,-1.0084078311920166,1.2544969320297241,-0.24452683329582214
2.2600000000000002,-0.001353968633338809,-0.0012153510469943285,-1.0107139348983765,1.254685401916504,-0.2446160614490509
2.265,0.004011365585029125,-0.006432152818888426,-1.013709545135498,1.2564058303833008,-0.24105358123779297
2.27,-0.0024408982135355473,-0.004296732135117054,-1.0160133838653564,1.2564276456832886,-0.24109119176864624
2.275,-0.005505088716745377,-0.0012998614693060517,-1.0189507007598877,1.258101224899292,-0.23757889866828918
2.2800000000000002,-0.0013682367280125618,-0.001198624144308269,-1.021317720413208,1.2583978176116943,-0.2376628965139389
2.285,0.0039720553904771805,-0.006488351617008448,-1.024427890777588,1.2604330778121948,-0.23435424268245697
2.29,-0.002475401386618614,-0.004289889242500067,-1.0267921686172485,1.2605648040771484,-0.23438656330108643
2.295,-0.005533552262932062,-0.0012442837469279766,-1.0298407077789307,1.262548804283142,-0.23112954199314117
2.3000000000000003,-0.0013838340528309345,-0.0011797561310231686,-1.0322661399841309,1.2629549503326416,-0.23120760917663574
2.305,0.003936313558369875,-0.006549972575157881,-1.0354857444763184,1.2652978897094727,-0.22815504670143127
2.31,-0.0025082523934543133,-0.004286729730665684,-1.0379070043563843,1.2655391693115234,-0.22818167507648468
2.315,-0.0055662100203335285,-0.001185115659609437,-1.0410610437393188,1.2678271532058716,-0.22518251836299896
2.32,-0.0014008245198056102,-0.0011584281455725431,-1.0435423851013184,1.2683454751968384,-0.22525499761104584
2.325,0.003903594333678484,-0.006616790778934956,-1.046865701675415,1.2709885835647583,-0.22246153652668
2.33,-0.0025393483228981495,-0.004287817515432835,-1.0493415594100952,1.2713408470153809,-0.2224821001291275
2.335,-0.005603345576673746,-0.0011223327601328492,-1.052595853805542,1.2739259004592896,-0.21974338591098785
2.34,-0.0014190531801432371,-0.0011348937405273318,-1.0551294088363647,1.2745542526245117,-0.2198086977005005
2.345,0.0038743747863918543,-0.006689185276627541,-1.058550477027893,1.2774908542633057,-0.2172771841287613
2.35,-0.0025685878936201334,-0.004292707424610853,-1.061077356338501,1.2779550552368164,-0.21729111671447754
2.355,-0.005644087679684162,-0.0010555990738794208,-1.0644252300262451,1.2808293104171753,-0.2148154377937317
2.36,-0.0014383645029738545,-0.0011085561709478498,-1.0670080184936523,1.2815691232681274,-0.21487361192703247
2.365,0.003848318476229906,-0.0067671723663806915,-1.0705207586288452,1.2847893238067627,-0.21260517835617065
2.37,-0.0025964980013668537,-0.004302142653614283,-1.073096752166748,1.2853658199310303,-0.2126120924949646
2.375,-0.005689291749149561,-0.000985435675829649,-1.0765312910079956,1.2885183095932007,-0.21040023863315582
2.38,-0.001459246501326561,-0.0010800735326483846,-1.079160213470459,1.2893699407577515,-0.2104504406452179
2.3850000000000002,0.0038251616060733795,-0.006851096637547016,-1.0827577114105225,1.2928649187088013,-0.20844702422618866
2.39,-0.0026226830668747425,-0.004315953701734543,-1.0853779315948486,1.2935539484024048,-0.2084461897611618
2.395,-0.005738263018429279,-0.0009108484955504537,-1.0888924598693848,1.2969757318496704,-0.20649971067905426
2.4,-0.001481061102822423,-0.001048363628797233,-1.0915632247924805,1.297939658164978,-0.20654229819774628
2.4050000000000002,0.0038054040633141994,-0.00694063026458025,-1.0952380895614624,1.3016979694366455,-0.20480401813983917
2.41,-0.002647086977958679,-0.00433433847501874,-1.0979000329971313,1.3025012016296387,-0.20479558408260345
2.415,-0.005790886003524065,-0.0008323852089233696,-1.101487159729004,1.3061809539794922,-0.2031148076057434
2.42,-0.0015043762978166342,-0.0010138476500287652,-1.1041975021362305,1.307257056236267,-0.20314893126487732
2.4250000000000003,0.003788482863456011,-0.007036569993942976,-1.107943058013916,1.3112685680389404,-0.20167681574821472
2.43,-0.0026702694594860077,-0.004357756115496159,-1.110642433166504,1.3121838569641113,-0.20166027545928955
2.435,-0.005847493186593056,-0.0007498270133510232,-1.1142946481704712,1.316110610961914,-0.20024579763412476
2.44,-0.0015287635615095496,-0.0009764580754563212,-1.1170393228530884,1.3172986507415771,-0.20027059316635132
2.445,0.003774604992941022,-0.007138565648347139,-1.1208471059799194,1.321552038192749,-0.19906528294086456
2.45,-0.0026916717179119587,-0.004386066924780607,-1.123579502105713,1.3225795030593872,-0.1990397572517395
2.455,-0.005907464772462845,-0.0006628033006563783,-1.127288818359375,1.3267418146133423,-0.19789160788059235
2.46,-0.0015543746994808316,-0.0009355728980153799,-1.1300643682479858,1.328040599822998,-0.19790752232074738
2.465,0.0037637222558259964,-0.007246977649629116,-1.1339279413223267,1.3325246572494507,-0.19696861505508423
2.47,-0.0027115452103316784,-0.004419789183884859,-1.1366899013519287,1.333662509918213,-0.19693371653556824
2.475,-0.005970774218440056,-0.0005716638406738639,-1.1404480934143066,1.3380482196807861,-0.19605226814746857
2.48,-0.0015814926009625196,-0.000891097413841635,-1.1432499885559082,1.3394579887390137,-0.19605791568756104
2.485,0.0037556542083621025,-0.007361874915659428,-1.1471598148345947,1.3441591262817383,-0.19538532197475433
2.49,-0.00272957980632782,-0.004459105432033539,-1.1499465703964233,1.3454080820083618,-0.1953408122062683
2.495,-0.006037238985300064,-0.00047594221541658044,-1.153745412826538,1.3500046730041504,-0.19472497701644897
2.5,-0.001609664410352707,-0.0008429989102296531,-1.1565688848495483,1.3515231609344482,-0.1947208195924759
2.505,0.0037504779174923897,-0.007483623921871185,-1.1605174541473389,1.3564298152923584,-0.19431385397911072
2.5100000000000002,-0.002746389713138342,-0.004504112526774406,-1.1633248329162598,1.357788324356079,-0.19426004588603973
2.515,-0.006106739863753319,-0.00037590385181829333,-1.1671557426452637,1.3625823259353638,-0.19390930235385895
2.52,-0.001639193156734109,-0.0007908456027507782,-1.1699966192245483,1.3642085790634155,-0.19389431178569794
2.525,0.003747986862435937,-0.007612057961523533,-1.1739757061004639,1.369308590888977,-0.1937527060508728
2.5300000000000002,-0.0027615544386208057,-0.004555213265120983,-1.1767984628677368,1.3707743883132935,-0.193688303232193
2.535,-0.006179342046380043,-0.00027129973750561476,-1.1806527376174927,1.3757543563842773,-0.19360296428203583
2.54,-0.0016699825646355748,-0.0007348265498876572,-1.183505892753601,1.3774867057800293,-0.19357708096504211
2.545,0.003748091869056225,-0.00774762686342001,-1.1875059604644775,1.3827649354934692,-0.19369898736476898
2.5500000000000003,-0.00277533708140254,-0.004612460732460022,-1.1903399229049683,1.384337306022644,-0.19362492859363556
2.555,-0.006254410371184349,-0.00016214203787967563,-1.1942094564437866,1.3894912004470825,-0.19380313158035278
2.56,-0.0017019708175212145,-0.0006742020486854017,-1.197069764137268,1.3913272619247437,-0.19376643002033234
2.565,0.0037507526576519012,-0.007890255190432072,-1.2010828256607056,1.3967711925506592,-0.19415196776390076
2.57,-0.002787652425467968,-0.004676368087530136,-1.2039220333099365,1.3984471559524536,-0.19406676292419434
2.575,-0.00633201515302062,-4.8632005928084254e-05,-1.2077971696853638,1.4037611484527588,-0.19450801610946655
2.58,-0.0017352555878460407,-0.0006090825772844255,-1.2106590270996094,1.4056981801986694,-0.19445952773094177
2.585,0.0037559950724244118,-0.00804015714675188,-1.2146761417388916,1.4112964868545532,-0.19510827958583832
2.59,-0.0027982760220766068,-0.004747012164443731,-1.2175157070159912,1.4130737781524658,-0.19501182436943054
2.595,-0.0064118956215679646,6.974795542191714e-05,-1.2213881015777588,1.418534755706787,-0.19571498036384583
2.6,-0.001769734313711524,-0.0005389691214077175,-1.224246859550476,1.420570731163025,-0.19565480947494507
2.605,0.0037636675406247377,-0.008197617717087269,-1.2282593250274658,1.42630934715271,-0.1965649276971817
2.61,-0.0028076888993382454,-0.004824822768568993,-1.2310932874679565,1.4281842708587646,-0.1964571475982666
2.615,-0.0064941211603581905,0.00019247019372414798,-1.23495352268219,1.433780312538147,-0.19742196798324585
2.62,-0.001805461011826992,-0.00046408671187236905,-1.2378031015396118,1.4359127283096313,-0.19734971225261688
2.625,0.0037735989317297935,-0.008362559601664543,-1.2418015003204346,1.4417787790298462,-0.1985204815864563
2.63,-0.0028158691711723804,-0.004909389652311802,-1.2446237802505493,1.4437483549118042,-0.1984015703201294
2.6350000000000002,-0.00657774368301034,0.0003197502519469708,-1.2484627962112427,1.4494662284851074,-0.19962595403194427
2.64,-0.0018419832922518253,-0.00038366980152204633,-1.2512972354888916,1.451690912246704,-0.19954203069210052
2.645,0.0037857810966670513,-0.008534724824130535,-1.2552729845046997,1.457671046257019,-0.20097187161445618
2.65,-0.002822538372129202,-0.005001571960747242,-1.2580784559249878,1.4597325325012207,-0.20084187388420105
2.6550000000000002,-0.006663240026682615,0.0004514433676376939,-1.2618871927261353,1.4655601978302002,-0.20232488214969635
2.66,-0.0018798604141920805,-0.000297964783385396,-1.2647005319595337,1.467873454093933,-0.20222945511341095
2.665,0.00379988644272089,-0.008714879862964153,-1.2686448097229004,1.4739571809768677,-0.20391765236854553
2.67,-0.002828145632520318,-0.005101562011986971,-1.2714265584945679,1.4761050939559937,-0.2037758082151413
2.6750000000000003,-0.006750023923814297,0.0005873286281712353,-1.275195598602295,1.482028841972351,-0.20551715791225433
2.68,-0.0019182702526450157,-0.00020678526198025793,-1.2779816389083862,1.4844279289245605,-0.20540906488895416
2.685,0.003816319163888693,-0.008902552537620068,-1.2818853855133057,1.4906021356582642,-0.20735569298267365
2.69,-0.0028324611485004425,-0.005209018476307392,-1.284637212753296,1.4928327798843384,-0.2072020322084427
2.695,-0.006838085595518351,0.0007276498363353312,-1.2883570194244385,1.4988398551940918,-0.2091999351978302
2.7,-0.0019576959311962128,-0.00010999846563208848,-1.2911090850830078,1.501319169998169,-0.20907926559448242
2.705,0.0038344976492226124,-0.009098194539546967,-1.2949631214141846,1.5075716972351074,-0.21128278970718384
2.71,-0.0028356837574392557,-0.005324622616171837,-1.29767906665802,1.509881615638733,-0.21111750602722168
2.715,-0.006926809437572956,0.0008719688048586249,-1.3013403415679932,1.5159608125686646,-0.21337181329727173
2.72,-0.0019975132308900356,-7.134614861570299e-06,-1.3040518760681152,1.5185163021087646,-0.21323882043361664
2.725,0.0038548281881958246,-0.009301241487264633,-1.307847023010254,1.5248347520828247,-0.21569830179214478
2.73,-0.0028380914591252804,-0.005447712726891041,-1.3105193376541138,1.5272172689437866,-0.2155209630727768
2.735,-0.007016694638878107,0.0010203872807323933,-1.3141134977340698,1.5333571434020996,-0.218030646443367
2.74,-0.0020382993388921022,0.00010124320397153497,-1.3167777061462402,1.5359840393066406,-0.21788503229618073
2.745,0.0038764243945479393,-0.009512187913060188,-1.3205047845840454,1.5423557758331299,-0.22059965133666992
2.75,-0.0028395471163094044,-0.005579205229878426,-1.323127269744873,1.5448065996170044,-0.22041055560112
2.755,-0.007106387987732887,0.0011721780756488442,-1.3266448974609375,1.5509954690933228,-0.22317492961883545
2.7600000000000002,-0.0020787082612514496,0.00021560146706178784,-1.3292546272277832,1.553687572479248,-0.2230166345834732
2.765,0.0039002876728773117,-0.009730266407132149,-1.33290433883667,1.560100793838501,-0.22598552703857422
2.77,-0.002839927328750491,-0.00571831502020359,-1.335469365119934,1.5626147985458374,-0.22578434646129608
2.775,-0.007196447812020779,0.001327549573034048,-1.3389009237289429,1.5688424110412598,-0.228802889585495
2.7800000000000002,-0.002119803335517645,0.00033555462141521275,-1.3414489030838013,1.5715938806533813,-0.22863192856311798
2.785,0.003925426863133907,-0.009956341236829758,-1.3450117111206055,1.5780365467071533,-0.23185494542121887
2.79,-0.0028402660973370075,-0.005865221843123436,-1.3475127220153809,1.5806093215942383,-0.23164206743240356
2.795,-0.0072868457064032555,0.0014864313416182995,-1.3508483171463013,1.5868605375289917,-0.23491260409355164
2.8000000000000003,-0.0021604280918836594,0.0004609311872627586,-1.3533273935317993,1.5896663665771484,-0.2347293198108673
2.805,0.003952633589506149,-0.010189644992351532,-1.3567955493927002,1.5961302518844604,-0.23820582032203674
2.81,-0.0028396528214216232,-0.006019544787704945,-1.359224557876587,1.5987526178359985,-0.2379806488752365
2.815,-0.007376601453870535,0.0016482108039781451,-1.3624554872512817,1.6050177812576294,-0.24150392413139343
2.82,-0.0022006400395184755,0.0005915001966059208,-1.3648585081100464,1.607872486114502,-0.2413078248500824
2.825,0.003981433808803558,-0.010430490598082542,-1.3682215213775635,1.6143429279327393,-0.24503624439239502
2.83,-0.0028387135826051235,-0.006181643344461918,-1.3705708980560303,1.617010474205017,-0.24479946494102478
2.835,-0.007466231472790241,0.0018127801595255733,-1.3736871480941772,1.6232789754867554,-0.24857406318187714
2.84,-0.0022404680494219065,0.0007273617084138095,-1.3760061264038086,1.6261759996414185,-0.24836590886116028
2.845,0.004011940211057663,-0.010677996091544628,-1.379254937171936,1.632642388343811,-0.25234588980674744
2.85,-0.002837252803146839,-0.0063506076112389565,-1.3815170526504517,1.6353468894958496,-0.2520970404148102
2.855,-0.007555046584457159,0.001979794120416045,-1.3845101594924927,1.641608476638794,-0.25612279772758484
2.86,-0.002279449487105012,0.0008679419988766313,-1.3867379426956177,1.64454185962677,-0.2559020221233368
2.865,0.004044352564960718,-0.01093240361660719,-1.3898634910583496,1.6509932279586792,-0.260133296251297
2.87,-0.002835728693753481,-0.006525909993797541,-1.3920305967330933,1.6537284851074219,-0.2598723769187927
2.875,-0.0076431529596447945,0.0021489725913852453,-1.3948900699615479,1.6599702835083008,-0.2641482949256897
2.88,-0.0023171107750386,0.001012406195513904,-1.3970187902450562,1.6629338264465332,-0.26391473412513733
2.8850000000000002,0.004078974481672049,-0.011193593963980675,-1.4000115394592285,1.6693583726882935,-0.26839593052864075
2.89,-0.0028338574338704348,-0.006707517430186272,-1.4020758867263794,1.672117829322815,-0.2681237459182739
2.895,-0.007730600889772177,0.0023199692368507385,-1.404793381690979,1.6783298254013062,-0.2726477384567261
2.9,-0.0023539357353001833,0.0011605563340708613,-1.4068149328231812,1.681315302848816,-0.2724023461341858
2.9050000000000002,0.004115365445613861,-0.01146132405847311,-1.4096659421920776,1.6877020597457886,-0.277132511138916
2.91,-0.0028320178389549255,-0.006894903723150492,-1.4116194248199463,1.690477967262268,-0.2768482267856598
2.915,-0.007816964760422707,0.0024923523887991905,-1.4141854047775269,1.6966499090194702,-0.2816208004951477
2.92,-0.0023888852447271347,0.0013119204668328166,-1.4160919189453125,1.6996510028839111,-0.2813624143600464
2.9250000000000003,0.004154564812779427,-0.01173471286892891,-1.4187918901443481,1.705989122390747,-0.28634074330329895
2.93,-0.0028298618271946907,-0.007086807396262884,-1.420625925064087,1.708773136138916,-0.28604504466056824
2.935,-0.007902482524514198,0.002666054992005229,-1.4230308532714844,1.714892864227295,-0.29106298089027405
2.94,-0.002422471297904849,0.0014655275736004114,-1.424815058708191,1.7179030179977417,-0.29079294204711914
2.945,0.004196283873170614,-0.012014276348054409,-1.4273557662963867,1.7241811752319336,-0.2960178256034851
2.95,-0.002827659249305725,-0.007283324841409922,-1.4290636777877808,1.7269669771194458,-0.2957105040550232
2.955,-0.007987168617546558,0.002840472152456641,-1.4312981367111206,1.7330236434936523,-0.30097314715385437
2.96,-0.00245412765070796,0.001620747847482562,-1.4329508543014526,1.7360341548919678,-0.3006910979747772
2.965,0.004241353832185268,-0.01229890063405037,-1.4353221654891968,1.7422419786453247,-0.30616047978401184
